created_time,message,full_picture,permalink_url
2026-10-06 15:45:25,"回顧｜CTMS 2026
感謝每一位與我們同行的朋友！
CTMS 2026 已圓滿落幕！🎉

這幾天，我們很榮幸在台中與來自不同領域的產業專業人士、科技創新者及企業夥伴交流，分享想法並探索 國防科技、軍民通用技術以及 AI 智慧製造的最新發展。
衷心感謝每一位蒞臨 A675 攤位、與我們交流，以及關注 Sanctity 解決方案的朋友。

📸 一起回顧 CTMS 2026 的精彩時刻！

但我們的旅程還沒有結束。
我們將帶著這次展會中珍貴的交流與連結，前往下一場活動，持續探索 防爆科技、工業安全，以及為高要求工業環境打造的智慧解決方案。

下一站？台灣工業周2026 - T-SAFE將於 2026 年 10 月 20 日在台北南港展覽館二館（Q606 號攤位）舉行。！
👉 敬請期待明天的貼文，帶您認識 Sanctity 將在 T-SAFE 帶來哪些精彩內容。

#Sanctity #CTMS2026 #展覽回顧 #國防科技 #軍民通用技術 #AI智慧製造 #智慧製造 #防爆科技 #防爆技術 #工業安全 #工業解決方案 #工業創新 #台灣科技 #台中",https://scontent-sjc6-1.xx.fbcdn.net/v/t15.5256-10/839844462_1607793357406761_8187085324836034734_n.jpg?_nc_cat=107&ccb=1-7&_nc_sid=5fad0e&_nc_ohc=fho5CBwtXHYQ7kNvwHr-qjB&_nc_oc=Adp1rMKywxmy3GEuX57azeOOUQjtRvWULlcJ4S3GZ2i2OAoHYsgysJPJzDaamgtSSpM&_nc_zt=23&_nc_ht=scontent-sjc6-1.xx&edm=AKIiGfEEAAAA&_nc_gid=gkzNHwVvftIu5lAMYhAsIQ&_nc_tpa=Q5bMBQLraSLoWs9Q62tC-_zB7TAHEopI7lCTisny-OMoV0VHQM5vDyO3mC3UZIbDI-A3B2_Vwx6kdaDl&oh=00_AQM4E7PGJwIZazUGAuONxGKgoImttk-3UVVXp9iY84bWxw&oe=6ACB68EB,https://www.facebook.com/reel/1436399788683751/
2026-10-02 10:35:34,"CTMS 2026 第一日精彩落幕！🚀
第一天活動匯聚了來自台中的產業專業人士、科技創新者與企業夥伴，一同探索國防科技、軍民通用技術，以及 AI 智慧製造解決方案的最新發展。

對 Sanctity 而言，這也是非常難得的交流機會。我們與現場參觀者深入交流、分享想法、探索創新解決方案，並介紹我們的防爆科技與工業解決方案。
非常感謝每一位蒞臨攤位、與我們交流的朋友！🙏

📸 一起回顧 Day 1 的精彩瞬間！
展覽還在持續中！
📅 2026/10/1–10/4
🏢 台中國際會展中心（TICEC）
📍 國際國防軍事暨軍民通用科技館｜A675 攤位

錯過第一天了嗎？別擔心，還有時間來參觀！
歡迎來到 A675 攤位，與我們見面，了解 更智慧的防爆科技如何協助打造更安全、更可靠的工業環境。

#Sanctity #CTMS2026 #國防科技 #AI智慧製造 #智慧製造 #工業科技 #防爆科技 #防爆技術 #工業安全 #智慧工業解決方案 #工業創新 #台灣科技 #台中 #台灣展覽",https://scontent-sjc3-1.xx.fbcdn.net/v/t39.30808-6/830330352_1647593990491809_6801364383447835763_n.jpg?_nc_cat=106&ccb=1-7&_nc_sid=127cfc&_nc_ohc=_zu48xnPONQQ7kNvwFc3pln&_nc_oc=AdqI4N5zxOYuw52lbUzteAWC96EwGFvOV8KoFCLGhXzLy-z-YebVc773sXG-J0c3a6s&_nc_zt=23&_nc_ht=scontent-sjc3-1.xx&edm=AKIiGfEEAAAA&_nc_gid=gkzNHwVvftIu5lAMYhAsIQ&_nc_tpa=Q5bMBQLI5MeyRgC0UVMavkYJ7caXAMlFQw7XjxX4IrXxNMPTSFiiIZuu0xgWpjrS-UJeDWiqDEJQ3aAn&oh=00_AQNlxX9FmsfsAX6JWnI9unvAT0aEOXfsxYoh2IviUZnmuA&oe=6ACB74ED,https://www.facebook.com/1337063844878160/posts/1647595487158326
2026-10-01 15:20:52,"🚀 CTMS 2026 第一天｜正式開展！
CTMS 2026 今天正式開幕！

第一天活動精彩展開，來自各地的產業專業人士齊聚台中，一同探索 國際國防軍事暨軍民通用科技館，以及 AI 智慧製造解決方案，掌握最新產業技術與發展趨勢。

還沒來參觀嗎？別擔心，接下來還有時間！
當然，三左興業也在現場！

📍 國際國防軍事暨軍民通用科技館｜A675 攤
🏢 台中國際會展中心（TICEC）
📅 2026/10/1–10/4
我們在等你來哦！

歡迎來現場與我們的團隊交流，探索我們的解決方案，一起聊聊 更智慧的防爆科技，如何協助打造更安全、更可靠的工業環境。 👋
期待在 A675 攤位與你見面！

#SanTzuoo #CTMS2026 #台中國際會展中心 #國防科技 #軍民通用科技 #智慧製造 #AI製造 #防爆科技 #防爆解決方案 #工業安全 #智慧工業 #IndustrialSafety #ExplosionProof #SmartManufacturing #AIManufacturing",https://scontent-sjc6-1.xx.fbcdn.net/v/t39.30808-6/833045070_1646727237245151_1504419682286266872_n.jpg?stp=dst-jpg_s720x720_tt6&_nc_cat=104&ccb=1-7&_nc_sid=127cfc&_nc_ohc=IZl3Y1t1SJcQ7kNvwHgf6ws&_nc_oc=AdrxRePiu3Yqqt3L48RFuSNqSmUzQ9QULQ83Z8B5Zhsnd2vv5fIvPvaJNWD9Z4hF95E&_nc_zt=23&_nc_ht=scontent-sjc6-1.xx&edm=AKIiGfEEAAAA&_nc_gid=gkzNHwVvftIu5lAMYhAsIQ&_nc_tpa=Q5bMBQK8Rgah0zhFNuyP2D4bfbu_T3SgMVZhV6IDQsUQGhNl71G3brO5cJcQj_ke9wneuCMGJn1tATm0&oh=00_AQOfSH7tCsGaj-fotqD6QRfOmu-xfuo4aTmTEHn_XYbpCA&oe=6ACB5072,https://www.facebook.com/1337063844878160/posts/1646729877244887
2026-09-29 09:43:04,"🚨 倒數 2 天！
台中，你準備好了嗎？ 🤖⚙️

再過 2 天，Sanctity 即將參加 CTMS 2026 台中 AI & 智慧製造展！

🔥 來現場近距離體驗 aXtion Extreme 防爆平板電腦！
一款專為嚴苛環境打造的防爆平板，具備國際防爆認證，並通過 MIL-STD-810H 軍規等級跌落測試，同時具備 IP68 防塵防水等級。

來到展會，您可以探索：

🔹 國際國防暨軍民通用科技專區
AI、無人載具、智慧製造與國防科技匯聚於此，探索不同技術領域的跨界應用。
🔹 AI 智慧製造
深入了解機器人、自動化設備、工具機與精密零組件，以及 AI 驅動的速度控制與製程優化技術，探索智慧製造的更多可能性。

歡迎蒞臨 Sanctity 展位：
📅 2026 年 10 月 1–4 日
📍 台中國際會展中心（TICEC）
📌 國際國防暨軍民通用科技專區，A675 展位

⚠️ 別走錯展區！我們在 A675！
👉 免費參觀登記，請點擊下方留言中的連結。

⏰ 倒數 2 天！台中見！

註：本貼文中的展位照片為 AI 生成示意圖，實際展位與產品展示請以現場為準。

#CTMS2026 #ExplosionProof #DefenseTech #SmartManufacturing #Industry40 #aXtionExtreme #IndustrialSafety #AIManufacturing",https://scontent-sjc3-1.xx.fbcdn.net/v/t39.30808-6/819882527_1639793024605239_3519781928927454054_n.jpg?stp=dst-jpg_s720x720_tt6&_nc_cat=110&ccb=1-7&_nc_sid=127cfc&_nc_ohc=IXk2xBTcb5kQ7kNvwHh7SNt&_nc_oc=Adp6tD-HRfQZ9Ve3_lL1zMRcpK64lY81cjowK-Q10nzHiDdm17_fMmbbmxerIPXzejA&_nc_zt=23&_nc_ht=scontent-sjc3-1.xx&edm=AKIiGfEEAAAA&_nc_gid=gkzNHwVvftIu5lAMYhAsIQ&_nc_tpa=Q5bMBQK7Wi_pIyNyEJ90sXRE5TrryB9TEm3QzGRxddiGh-F6IGIcWY7gfDMYQk50iHaotU-Vkc06gRdW&oh=00_AQPvsxeNDe-XMyzV6m-tuPr8gOwdLCvuFAxuceY9900h3A&oe=6ACB66DC,https://www.facebook.com/1337063844878160/posts/1644492667468608
2026-09-24 11:15:31,"🌕 中秋佳節｜守護安全，也守護每一份團聚 🏮
中秋節即將到來，這是一個象徵團圓、祝福與分享溫暖的節日。

在皎潔的月光下，我們珍惜與家人、朋友相聚的時光，也共同祝願每一個人都能擁有平安、安全與幸福。

在三左興業，我們相信：守護安全，不只是守護工作環境，更是守護每一個珍貴的團聚時刻。

讓每一位辛勤工作的人，都能安心工作、平安回家，與所愛的人共享每一個重要時刻。

🌕 這個中秋節，SANCTITY 誠摯祝福我們的：

🤝 客戶
🤝 合作夥伴
🤝 每一位同仁
🤝 以及您的家人與摯愛

願大家 平安順心、幸福安康、闔家團圓，共度一個溫暖美好的中秋佳節。🏮🌕

📢 中秋節休假公告：三左興業團隊將於 9月25日至9月28日 暫停服務，並於 9月29日 恢復正常營運。

感謝您的理解與支持，我們節後再為您提供服務！

三左興業祝大家中秋節快樂、平安團圓！ 🌕🏮
-------
📞 Tel：+886-7-226-8736
✉️ Email：service@sancs.com
💬 WhatsApp：+886 973 568 671

#SANCTITY #三左興業 #中秋節 #中秋佳節 #中秋快樂 #平安團圓 #工業安全 #職場安全 #安全守護  #防爆",https://scontent-sjc3-1.xx.fbcdn.net/v/t15.5256-10/821277212_1492550406013798_3650982640343200272_n.jpg?_nc_cat=110&ccb=1-7&_nc_sid=5fad0e&_nc_ohc=szfYw7DFbr4Q7kNvwG_nfX-&_nc_oc=Adq-Gxb1bMw8ObhL8LgHsF6fRcOciCL3QF4hnhAM4XFcv4YAnI23vHI-FslstxAVt0s&_nc_zt=23&_nc_ht=scontent-sjc3-1.xx&edm=AKIiGfEEAAAA&_nc_gid=gkzNHwVvftIu5lAMYhAsIQ&_nc_tpa=Q5bMBQJPxsN1INdTzqiIcYuvsNQcmwq049XW7M48kUzGNwHBWO_jlQjLtL-ZsGiGA0Gtlb94emQnlKLI&oh=00_AQNkfYCNvYsFP9JYyxNsMLXD4leiPBrbRz5Bu9X3V_44dA&oe=6ACB4BC0,https://www.facebook.com/reel/1185313057165980/
